"category","subcategory","ID","Description","GeneRatio","BgRatio","RichFactor","FoldEnrichment","zScore","pvalue","p.adjust","qvalue","geneID","Count"
"Human Diseases","Immune disease","hsa05322","Systemic lupus erythematosus","48/687","143/9419",0.335664335664336,4.60207041866431,12.1742073857374,2.28756725770083e-20,7.59472329556674e-18,6.260710389497e-18,"H2AC14/H2BC4/C1QC/C1QB/H2AC12/H2BC7/H2AC13/H2BC21/H2BC12/H3C8/H2BC11/H2BC8/H3C3/H2AJ/H2AC11/H4C8/LOC102723407/H2AC6/H4C9/H3C10/H3C2/H2AC8/H2BC9/H2BC17/H2BC5/H3C12/C1QA/GRIN2A/ELANE/H4C12/H2AC16/H2BC13/FCGR1A/H4C11/H2AC17/FCGR3B/H4C14/GRIN2B/H4C4/C3/H4C2/H4C6/IL10/TNF/CTSG/H3C11/HLA-DQA1/HLA-DQB2",48
"Organismal Systems","Immune system","hsa04613","Neutrophil extracellular trap formation","50/687","195/9419",0.256410256410256,3.5154704587019,9.95583586327349,1.1685701020203e-15,1.93982636935369e-13,1.59909592908041e-13,"H2AC14/H2BC4/H2AC12/H2BC7/H2AC13/H2BC21/H2BC12/H3C8/H2BC11/ITGA2B/H2BC8/H3C3/SELP/H2AJ/H2AC11/H4C8/LOC102723407/H2AC6/H4C9/MAPK12/H3C10/H3C2/H2AC8/H2BC9/H2BC17/H2BC5/ITGB3/H3C12/GP1BA/ELANE/H4C12/H2AC16/H2BC13/FCGR1A/VWF/H4C11/H2AC17/FCGR3B/H4C14/CAMP/H4C4/C3/H4C2/H4C6/AQP9/PLCB4/MPO/AZU1/CTSG/H3C11",50
"Human Diseases","Substance dependence","hsa05034","Alcoholism","45/687","191/9419",0.235602094240838,3.23018358901667,8.73382236087385,8.69724699541913e-13,9.62495334159718e-11,7.93433059231219e-11,"H2AC14/H2BC4/H2AC12/H2BC7/H2AC13/H2BC21/H2BC12/H3C8/H2BC11/H2BC8/H3C3/H2AJ/MAOB/H2AC11/H4C8/H2AC6/H4C9/H3C10/H3C2/H2AC8/H2BC9/H2BC17/H2BC5/GNG11/H3C12/GRIN2A/H4C12/H2AC16/H2BC13/CREB3L1/H4C11/H2AC17/H4C14/GRIN2B/H4C4/NTRK2/FOSB/H4C2/SLC18A2/H4C6/SLC18A1/MAOA/CREB3L3/GRIN3B/H3C11",45
"Cellular Processes","Cell growth and death","hsa04110","Cell cycle","40/687","158/9419",0.253164556962025,3.47097083264238,8.78553207116993,1.42775179291356e-12,1.18503398811826e-10,9.76882805677699e-11,"PLK1/CCNA2/AURKB/CDC20/PKMYT1/CDT1/BUB1/CCNB2/CDC45/CDC6/CDCA5/TRIP13/ESPL1/BUB1B/CCNB1/CDC25A/ESCO2/E2F2/CDC25C/MCM2/TTK/ORC1/CDK1/KNL1/TICRR/E2F1/CDKN2C/NDC80/MCM6/MCM4/CHEK1/MAD2L1/FBXO5/PTTG1/SGO1/ORC6/CCNE2/CDKN2A/CCNE1/CCNA1",40
"Environmental Information Processing","Signaling molecules and interaction","hsa04512","ECM-receptor interaction","28/687","89/9419",0.314606741573034,4.313363753823,8.80895003274757,1.27910623347187e-11,8.49326539025323e-10,7.00142359374077e-10,"HMMR/SDC1/ITGA2B/GP9/LAMC1/ITGA1/GP6/ITGB3/ITGB5/GP1BA/ITGA7/FN1/ITGA8/VWF/ITGA9/ITGA2/ITGB8/SPP1/COL4A1/LAMA1/LAMA3/COL1A2/TNXB/FREM1/COL6A3/FRAS1/RELN/THBS1",28
"Environmental Information Processing","Signaling molecules and interaction","hsa04518","Integrin signaling","33/687","154/9419",0.214285714285714,2.93792888334373,6.80105570875473,1.31700686263909e-08,7.2874379732696e-07,6.00739972431863e-07,"EGF/ITGA2B/IGF1/LIMS1/LAMC1/ITGA1/MET/ITGB3/ITGB5/ITGA7/FN1/ITGA8/VWF/ITGA9/ITGA2/FBN1/PDGFA/ITGB8/SPP1/C3/VEGFC/COL4A1/LAMA1/LAMA3/COL1A2/TNXB/TLN2/FREM1/COL6A3/FRAS1/ITGAD/RELN/THBS1",33
"Cellular Processes","Cellular community - eukaryotes","hsa04510","Focal adhesion","35/687","203/9419",0.172413793103448,2.36385082567886,5.5099099985691,1.34187661934554e-06,6.34615471051742e-05,5.23145283682476e-05,"CAV1/MYL9/EGF/ITGA2B/IGF1/CAV2/LAMC1/ITGA1/MET/ITGB3/ITGB5/MYLK/ITGA7/FN1/MAPK10/ITGA8/DOCK1/VWF/ITGA9/ITGA2/PDGFA/ITGB8/EMP1/SPP1/VEGFC/COL4A1/LAMA1/LAMA3/COL1A2/TNXB/BCAR1/TLN2/COL6A3/RELN/THBS1",35
"Human Diseases","Infectious disease: parasitic","hsa05144","Malaria","15/687","50/9419",0.3,4.11310043668122,6.19059457984524,1.52919390614878e-06,6.34615471051742e-05,5.23145283682476e-05,"SDC1/SELP/KLRK1/HBA2/MET/GYPB/GYPA/HBB/HBA1/IL12A/SDC2/IL1B/IL10/TNF/THBS1",15
"Cellular Processes","Cell motility","hsa04820","Cytoskeleton in muscle cells","38/687","233/9419",0.163090128755365,2.23602026600696,5.35847463931859,1.9565787992684e-06,7.21760179285677e-05,5.9498302667811e-05,"DIAPH3/SDC1/MYL9/ITGA2B/TNNT1/ITGA1/ITGB3/ITGB5/TMOD1/FHL2/COL24A1/PDLIM1/ITGA7/FN1/ITGA8/XIRP2/TNNC2/ITGA9/MYBPC1/ITGA2/FBN1/MYL4/FHL1/SDC2/ITGB8/COL4A1/COL27A1/LAMA1/COL1A2/TLN2/COL6A3/ANK2/COL5A3/DSG2/MYOM2/SPTBN2/THBS1/NEBL",38
"Cellular Processes","Cell motility","hsa04814","Motor proteins","33/687","195/9419",0.169230769230769,2.32021050274325,5.22518522323034,4.09403491368339e-06,0.000135921959134288,0.000112047271321861,"KIF4A/KIF20A/KIFC1/KIF2C/KIF15/KIF11/KIF14/MYL6B/KIF18B/CENPE/MYL9/KIF23/TUBG1/DNAH8/TNNT1/TUBA1C/KLC3/TUBB1/DYNLT5/TNNC2/KIF3C/DNAH9/DNAH3/MYL4/DNAH2/DYNC1I1/MYO5B/TUBA8/DNAH5/DNAH11/KIF1A/MYO16/KIF26A",33
"Human Diseases","Cancer: overview","hsa05202","Transcriptional misregulation in cancer","32/687","201/9419",0.159203980099502,2.18273986689551,4.75411585264294,2.08786444891981e-05,0.000630155451855798,0.000519468666716891,"CCNA2/CDKN2C/H3C8/H3C3/PPARG/IGF1/LOC102723407/H3C10/H3C2/MET/H3C12/PTCRA/MEIS1/ELANE/RUNX1T1/FCGR1A/BCL2L1/PROM1/PBX1/PDGFA/CCNA1/IL1R2/WT1/MYCN/ERG/NTRK1/ETV7/FLT3/MLF1/MPO/H3C11/NR4A3",32
"Human Diseases","Cancer: overview","hsa05203","Viral carcinogenesis","32/687","205/9419",0.15609756097561,2.14014982071218,4.62930289879835,3.12765510245407e-05,0.00086531791167896,0.000713324847928121,"CCNA2/CDC20/CDK1/H2BC4/H2BC7/CHEK1/H2BC21/H2BC12/H2BC11/H2BC8/H4C8/H4C9/H2BC9/H2BC17/H2BC5/CCNE2/CDKN2A/CCNE1/H4C12/H2BC13/CREB3L1/H4C11/H4C14/H4C4/C3/CCR3/CCNA1/H4C2/SCIN/H4C6/CREB3L3/EGR3",32
"Human Diseases","Infectious disease: viral","hsa05165","Human papillomavirus infection","45/687","333/9419",0.135135135135135,1.852747944451,4.44382839625618,3.7402080221555e-05,0.000955191587196636,0.000787412215190632,"CCNA2/E2F1/EGF/ITGA2B/TUBG1/LAMC1/ITGA1/ITGB3/ITGB5/TERT/WNT11/CCNE2/ITGA7/CCNE1/PARD3/FN1/ITGA8/VWF/CREB3L1/ITGA9/ITGA2/FZD5/ITGB8/SPP1/OASL/CCNA1/PTGER4/FASLG/COL4A1/AXIN2/NOTCH3/LAMA1/LAMA3/MX1/ISG15/COL1A2/TNXB/WNT7A/HES1/CREB3L3/MAGI1/COL6A3/TNF/RELN/THBS1",45
"Human Diseases","Infectious disease: parasitic","hsa05143","African trypanosomiasis","11/687","37/9419",0.297297297297297,4.0760454777922,5.25831680141559,4.23645061025107e-05,0.00100464400185954,0.000828178314785923,"LOC102723407/HBA2/HBB/HBA1/IL12A/APOA1/FASLG/IL1B/PLCB4/IL10/TNF",11
"Cellular Processes","Cell growth and death","hsa04114","Oocyte meiosis","24/687","138/9419",0.173913043478261,2.38440605024998,4.59522195868215,5.30803445048317e-05,0.00117484495837361,0.000968483478684649,"PLK1/CDC20/PKMYT1/BUB1/CCNB2/ESPL1/CCNB1/CDC25C/CDK1/AURKA/FBXO43/MAD2L1/FBXO5/PTTG1/SGO1/IGF1/MAPK12/CCNE2/CCNE1/AR/ADCY2/SPDYA/SPDYC/ADCY6",24
"Human Diseases","Cardiovascular disease","hsa05414","Dilated cardiomyopathy","20/687","105/9419",0.19047619047619,2.61149234074998,4.65752963056924,5.92225653257901e-05,0.00121629146861229,0.001002649910714,"CACNA2D3/ITGA2B/IGF1/LOC102723407/ITGA1/ITGB3/ITGB5/ITGA7/SLC8A3/ITGA8/RYR2/ITGA9/ADCY2/ITGA2/ITGB8/LAMA1/ATP2A1/ADCY6/TNF/CACNA1D",20
"Cellular Processes","Transport and catabolism","hsa04148","Efferocytosis","26/687","157/9419",0.165605095541401,2.27050130262658,4.50270402563033,6.22799848385813e-05,0.00121629146861229,0.001002649910714,"C1QC/C1QB/GAS6/PPARG/MAPK12/ITGB3/ITGB5/PROS1/C1QA/SPHK1/GPR132/S1PR1/DOCK1/PBX1/CPT1C/PTGER4/TYRO3/STAB1/CH25H/ARG1/BCAR1/ATP2A1/IL10/DUSP4/STAB2/THBS1",26
"Organismal Systems","Immune system","hsa04640","Hematopoietic cell lineage","19/687","100/9419",0.19,2.60496360989811,4.52565435774558,9.32972623948579e-05,0.00172081617306071,0.0014185548668224,"CD38/ITGA2B/LOC102723407/GP9/ITGA1/ITGB3/GYPA/GP1BA/FCGR1A/ITGA2/CD34/IL1R2/IL1B/FLT3/IL9R/TNF/IL1A/HLA-DQA1/HLA-DQB2",19
"Human Diseases","Cardiovascular disease","hsa05418","Fluid shear stress and atherosclerosis","23/687","142/9419",0.161971830985915,2.22068802919409,4.11098533556494,0.000228618719295021,0.00399481130557615,0.00329312282641027,"SDC1/CAV1/ITGA2B/HSP90B1/CAV2/MAPK12/ITGB3/GSTM5/ASS1/MAPK10/MMP2/GPC1/NFE2L2/PDGFA/SDC2/MGST1/IL1R2/CDH5/IL1B/TNF/EDN1/IL1A/THBD",23
"Human Diseases","Cardiovascular disease","hsa05410","Hypertrophic cardiomyopathy","18/687","99/9419",0.181818181818182,2.49278814344317,4.18801922079218,0.000252635281252377,0.00419374566878946,0.00345711437503253,"CACNA2D3/ITGA2B/IGF1/ITGA1/ITGB3/ITGB5/ITGA7/SLC8A3/ITGA8/RYR2/ITGA9/ITGA2/ITGB8/LAMA1/ATP2A1/TNF/EDN1/CACNA1D",18
"Environmental Information Processing","Signal transduction","hsa04151","PI3K-Akt signaling pathway","45/687","362/9419",0.124309392265193,1.70432338536515,3.83296680223147,0.000271251289458824,0.00421537850410424,0.00347494740351015,"EGF/ITGA2B/IGF1/HSP90B1/LOC102723407/BRCA1/LAMC1/ITGA1/MET/GNG11/ITGB3/ITGB5/CCNE2/ITGA7/CCNE1/FN1/ITGA8/VWF/BCL2L1/CREB3L1/ITGA9/LPAR1/ITGA2/MAGI2/PDGFA/ITGB8/SPP1/FGF9/NTRK2/FASLG/VEGFC/COL4A1/LAMA1/LAMA3/COL1A2/NTRK1/TNXB/FLT3/CREB3L3/MAGI1/COL6A3/NRTN/OSM/RELN/THBS1",45
"Cellular Processes","Cell growth and death","hsa04115","p53 signaling pathway","15/687","75/9419",0.2,2.74206695778748,4.24844410051047,0.000279332310512931,0.00421537850410424,0.00347494740351015,"RRM2/CCNB2/GTSE1/CCNB1/CDK1/CHEK1/TP73/IGF1/CCNE2/CDKN2A/CCNE1/TP53I3/BCL2L1/SERPINE1/THBS1",15
"Organismal Systems","Endocrine system","hsa04914","Progesterone-mediated oocyte maturation","19/687","110/9419",0.172727272727273,2.36814873627101,4.04835873210753,0.000341530370108568,0.00492991664678455,0.00406397694408365,"PLK1/CCNA2/PKMYT1/BUB1/CCNB2/CCNB1/CDC25A/CDC25C/CDK1/AURKA/MAD2L1/IGF1/MAPK12/MAPK10/ADCY2/CCNA1/SPDYA/SPDYC/ADCY6",19
"Environmental Information Processing","Signal transduction","hsa04020","Calcium signaling pathway","34/687","254/9419",0.133858267716535,1.83524166466091,3.78498028743725,0.000393650926262561,0.00544550447996542,0.00448900179071341,"CYSLTR2/EGF/CD38/LOC102723407/MET/MYLK/OXTR/SLC8A3/SPHK1/GRIN2A/NTRK3/EDNRB/PTGER3/TNNC2/RYR2/CACNA1A/ASPH/ADCY2/NTSR1/GRIN2B/CACNA1E/PDGFA/FGF9/NTRK2/VEGFC/CXCR4/PHKA1/PTGFR/NTRK1/PLCB4/ATP2A1/GRIN3B/CACNA1D/HTR6",34
"Human Diseases","Cardiovascular disease","hsa05412","Arrhythmogenic right ventricular cardiomyopathy","16/687","86/9419",0.186046511627907,2.55075996073254,4.05213606705463,0.00041995862320142,0.00557705051611486,0.00459744176978397,"CACNA2D3/ITGA2B/ITGA1/ITGB3/ITGB5/ITGA7/SLC8A3/ITGA8/RYR2/ITGA9/ITGA2/ITGB8/LAMA1/ATP2A1/DSG2/CACNA1D",16
"Human Diseases","Endocrine and metabolic disease","hsa04933","AGE-RAGE signaling pathway in diabetic complications","17/687","101/9419",0.168316831683168,2.30768011298947,3.70596830730294,0.000933854793775893,0.0117205457432479,0.00966183225505536,"TGFBR1/MAPK12/FN1/MAPK10/MMP2/F3/EGR1/VEGFC/COL4A1/IL1B/COL1A2/PLCB4/TNF/SERPINE1/EDN1/IL1A/THBD",17
"Environmental Information Processing","Signaling molecules and interaction","hsa04060","Cytokine-cytokine receptor interaction","37/687","298/9419",0.124161073825503,1.70228988990162,3.45544646322331,0.0009531769128545,0.0117205457432479,0.00966183225505536,"TNFRSF17/TGFBR1/BMP6/PPBP/PF4/MPL/PF4V1/CCL25/TNFRSF13B/TNFRSF12A/TNFRSF8/EBI3/CXCL5/CCR1/IL23R/IL23A/IL12A/IL18RAP/CCL7/CCL3/EDAR/TNFSF4/ACVRL1/CCR3/FASLG/IL1R2/CXCR4/CCL4/IL1B/CNTF/IL9R/IL10/CCL20/TNF/IL1A/XCL1/OSM",37
"Human Diseases","Infectious disease: bacterial","hsa05133","Pertussis","14/687","78/9419",0.179487179487179,2.46082932109133,3.63371566047439,0.00136277379168377,0.0161586035299647,0.0133203453322474,"C1QC/C1QB/MAPK12/C1QA/MAPK10/CXCL5/IL23A/IL12A/SERPING1/C3/IL1B/IL10/TNF/IL1A",14
"Human Diseases","Infectious disease: viral","hsa05166","Human T-cell leukemia virus 1 infection","29/687","224/9419",0.129464285714286,1.7749987003535,3.29268332774234,0.00173837071802582,0.0199013475305025,0.0164056764677573,"CCNA2/CDC20/CCNB2/ESPL1/BUB1B/E2F2/E2F1/CDKN2C/TGFBR1/CHEK1/MAD2L1/PTTG1/TERT/CCNE2/CDKN2A/CCNE1/MAPK10/BCL2L1/CREB3L1/ADCY2/EGR1/CCNA1/IL1R2/TLN2/CREB3L3/ADCY6/TNF/HLA-DQA1/HLA-DQB2",29
"Organismal Systems","Immune system","hsa04610","Complement and coagulation cascades","15/687","89/9419",0.168539325842697,2.31073058240518,3.48472460757719,0.0018037785587988,0.0199618160507067,0.0164555236943048,"C1QC/C1QB/CLU/TFPI/PROS1/C1QA/F2RL3/F13A1/VWF/VSIG4/F3/SERPING1/C3/SERPINE1/THBD",15
"Organismal Systems","Immune system","hsa04611","Platelet activation","19/687","126/9419",0.150793650793651,2.06743143642707,3.38335945764613,0.00187191121169564,0.020047565234934,0.0165262110370413,"ITGA2B/MAPK12/GP9/GP6/ITGB3/MYLK/GP1BA/PRKG1/ARHGEF12/F2RL3/PTGS1/VWF/ADCY2/GUCY1B1/ITGA2/COL1A2/TLN2/PLCB4/ADCY6",19
"Environmental Information Processing","Signaling molecules and interaction","hsa04517","IgSF CAM signaling","36/687","300/9419",0.12,1.64524017467249,3.1857322180398,0.00203204516284719,0.0210824685645395,0.0173793336296141,"MYL6B/MYL9/DCC/MAPK12/ESAM/ITGB3/CABLES1/MYLK/TUBA1C/KCNA2/PARD3/CD209/TUBB1/MAPK10/TJP1/NTRK3/NLGN1/PTPRF/JAM3/MAGI2/SRGAP1/PPFIA4/TUBA8/NFASC/BCAR1/CADM2/CNTN2/GLDN/MAGI1/NRCAM/ANK2/PMP22/ROBO4/TRPC6/SPTBN2/UNC5B",36
"Environmental Information Processing","Signaling molecules and interaction","hsa04061","Viral protein interaction with cytokine and cytokine receptor","16/687","100/9419",0.16,2.19365356622999,3.36584794217873,0.00225089993228624,0.0226454175005767,0.0186677506345908,"PPBP/PF4/PF4V1/CCL25/CXCL5/CCR1/IL18RAP/CCL7/CCL3/CCR3/CXCR4/CCL4/IL10/CCL20/TNF/XCL1",16
"Human Diseases","Substance dependence","hsa05030","Cocaine addiction","10/687","49/9419",0.204081632653061,2.79802750794641,3.53936559007123,0.0024252462909923,0.0236818167238072,0.0195221063671207,"MAOB/GRIN2A/CREB3L1/GRIN2B/FOSB/SLC18A2/SLC18A1/MAOA/CREB3L3/GRIN3B",10
"Organismal Systems","Immune system","hsa04657","IL-17 signaling pathway","15/687","94/9419",0.159574468085106,2.18781938121342,3.24631577270494,0.0031307849868974,0.0296977318757124,0.024481326213333,"HSP90B1/LCN2/MAPK12/S100A9/MAPK10/CXCL5/S100A8/MUC5AC/CCL7/MMP1/FOSB/IL1B/CCL20/TNF/TNFAIP3",15
"Human Diseases","Cancer: overview","hsa05205","Proteoglycans in cancer","26/687","204/9419",0.127450980392157,1.74739561035477,3.02704449522849,0.00364806454704181,0.03364326193383,0.0277338240418383,"SDC1/CAV1/IGF1/CAV2/MAPK12/CD63/MET/ITGB3/ITGB5/CTTN/WNT11/FN1/ARHGEF12/MMP2/ANK1/GPC1/ITGA2/FZD5/SDC2/FASLG/TIMP3/COL1A2/WNT7A/ANK2/TNF/THBS1",26
"Human Diseases","Endocrine and metabolic disease","hsa04940","Type I diabetes mellitus","9/687","44/9419",0.204545454545455,2.80438666137356,3.36489220518962,0.00388459774584705,0.0342637941117142,0.0282453597623516,"PTPRN/CPE/IL12A/FASLG/IL1B/TNF/IL1A/HLA-DQA1/HLA-DQB2",9
"Environmental Information Processing","Signal transduction","hsa04024","cAMP signaling pathway","28/687","226/9419",0.123893805309735,1.69862554907189,2.98174775905249,0.00392175956700343,0.0342637941117142,0.0282453597623516,"TSHR/MYL9/OXTR/GRIN2A/MAPK10/ADORA1/FFAR2/PTGER3/CREB3L1/RYR2/ADCY2/HCAR2/SUCNR1/HCAR3/GRIN2B/PDE10A/HTR1F/POPDC1/PDE3A/ATP2A1/CREB3L3/ADCY6/GRIN3B/EDN1/SSTR2/GLP1R/CACNA1D/HTR6",28
"Human Diseases","Drug resistance: antineoplastic","hsa01523","Antifolate resistance","7/687","30/9419",0.233333333333333,3.19907811741873,3.38370476443748,0.00492827298462964,0.0419535033563344,0.0345843718219624,"TYMS/GGH/DHFR/ABCC3/IL1B/FOLR3/TNF",7
"Environmental Information Processing","Signaling molecules and interaction","hsa04514","Cell adhesion molecule (CAM) interaction","21/687","160/9419",0.13125,1.79948144104804,2.86079793707236,0.00608110080844378,0.0493100047214243,0.0406487039555178,"SDC1/SELP/ESAM/NLGN1/ITGA8/CLDN5/PTPRF/ITGA9/JAM3/NRXN3/CD34/SDC2/ITGB8/NRXN1/CDH5/SIGLEC1/NFASC/CNTN2/NRCAM/HLA-DQA1/HLA-DQB2",21
"Environmental Information Processing","Signal transduction","hsa04015","Rap1 signaling pathway","26/687","212/9419",0.122641509433962,1.68145615336025,2.81480053175774,0.00608948853487469,0.0493100047214243,0.0406487039555178,"EGF/ITGA2B/IGF1/MAPK12/RAP1GAP/MET/ITGB3/PARD3/GRIN2A/F2RL3/LPAR1/ADCY2/GRIN2B/MAGI2/PDGFA/ID1/FGF9/VEGFC/RAPGEF5/PRKD1/BCAR1/TLN2/PLCB4/MAGI1/ADCY6/THBS1",26
